year,month,gold,stocks,bonds
1871,1,100.00,100.00,100.00
1871,2,100.00,101.87,102.29
1871,3,100.00,104.87,103.44
1871,4,100.00,108.45,105.05
1871,5,100.00,111.47,106.73
1871,6,100.00,111.08,107.95
1871,7,100.00,109.55,106.63
1871,8,100.00,111.18,107.50
1871,9,100.00,112.81,108.91
1871,10,100.00,107.49,108.59
1871,11,100.00,109.13,109.22
1871,12,100.00,112.25,110.10
1872,1,102.66,115.42,107.31
1872,2,102.66,116.54,107.23
1872,3,102.66,120.62,108.12
1872,4,102.66,124.73,110.78
1872,5,102.66,125.26,113.52
1872,6,102.66,124.59,115.28
1872,7,102.66,124.23,113.22
1872,8,102.66,123.32,113.58
1872,9,102.66,122.12,112.56
1872,10,102.66,123.07,114.41
1872,11,102.66,123.38,115.39
1872,12,102.66,126.80,116.75
1873,1,100.66,128.35,115.41
1873,2,100.66,130.23,116.21
1873,3,100.66,129.65,117.77
1873,4,100.66,128.47,119.22
1873,5,100.66,129.50,121.49
1873,6,100.66,128.64,123.46
1873,7,100.66,129.07,120.93
1873,8,100.66,129.82,121.24
1873,9,100.66,120.51,119.01
1873,10,100.66,110.84,116.77
1873,11,100.66,107.56,117.01
1873,12,100.66,118.48,123.28
1874,1,102.21,125.34,122.14
1874,2,102.21,129.55,125.03
1874,3,102.21,128.43,126.34
1874,4,102.21,125.28,127.70
1874,5,102.21,122.89,128.28
1874,6,102.21,122.89,129.20
1874,7,102.21,123.57,125.28
1874,8,102.21,124.60,125.93
1874,9,102.21,127.37,126.04
1874,10,102.21,127.72,126.70
1874,11,102.21,129.13,128.85
1874,12,102.21,129.49,131.36
1875,1,104.21,130.26,129.97
1875,2,104.21,130.68,131.47
1875,3,104.21,132.89,132.13
1875,4,104.21,135.42,134.33
1875,5,104.21,131.06,136.60
1875,6,104.21,128.87,138.61
1875,7,104.21,129.91,133.67
1875,8,104.21,131.32,134.08
1875,9,104.21,130.52,134.33
1875,10,104.21,129.34,135.23
1875,11,104.21,131.89,136.41
1875,12,104.21,132.61,137.81
1876,1,98.72,136.42,136.08
1876,2,98.72,139.10,137.91
1876,3,98.72,139.47,137.97
1876,4,98.72,134.79,138.09
1876,5,98.72,130.46,138.64
1876,6,98.72,130.41,140.44
1876,7,98.72,129.53,138.15
1876,8,98.72,124.73,135.92
1876,9,98.72,117.92,133.98
1876,10,98.72,117.79,133.45
1876,11,98.72,116.46,134.38
1876,12,98.72,116.34,134.65
1877,1,94.07,116.13,132.02
1877,2,94.07,109.83,131.92
1877,3,94.07,104.70,131.44
1877,4,94.07,97.90,132.85
1877,5,94.07,98.45,135.25
1877,6,94.07,91.92,133.93
1877,7,94.07,96.19,134.44
1877,8,94.07,103.36,133.67
1877,9,94.07,110.13,130.83
1877,10,94.07,113.10,130.86
1877,11,94.07,111.84,132.01
1877,12,94.07,111.85,131.95
1878,1,91.59,112.31,132.38
1878,2,91.59,110.63,132.82
1878,3,91.59,112.83,132.36
1878,4,91.59,116.78,131.73
1878,5,91.59,117.69,134.62
1878,6,91.59,120.75,133.58
1878,7,91.59,123.38,132.87
1878,8,91.59,122.50,133.56
1878,9,91.59,125.63,134.08
1878,10,91.59,124.78,133.53
1878,11,91.59,124.84,134.31
1878,12,91.59,124.45,135.09
1879,1,91.50,129.93,134.53
1879,2,91.50,134.96,135.49
1879,3,91.50,133.67,135.35
1879,4,91.50,138.28,136.81
1879,5,91.50,145.23,140.42
1879,6,91.50,147.16,140.10
1879,7,91.50,150.02,139.54
1879,8,91.50,151.98,139.74
1879,9,91.50,158.12,141.23
1879,10,91.50,175.92,141.79
1879,11,91.50,185.86,143.55
1879,12,91.50,186.06,144.97
1880,1,91.50,193.78,145.78
1880,2,91.50,198.24,149.41
1880,3,91.50,202.22,151.03
1880,4,91.50,198.64,151.68
1880,5,91.50,183.65,153.56
1880,6,91.50,184.91,155.81
1880,7,91.50,194.36,155.49
1880,8,91.50,202.40,157.75
1880,9,91.50,202.73,157.52
1880,10,91.50,209.39,156.46
1880,11,91.50,221.46,160.82
1880,12,91.50,231.13,163.02
1881,1,91.50,245.74,164.41
1881,2,91.50,245.62,165.53
1881,3,91.50,249.43,166.66
1881,4,91.50,249.78,168.70
1881,5,91.50,261.61,172.59
1881,6,91.50,265.50,174.28
1881,7,91.50,257.38,172.55
1881,8,91.50,252.23,171.85
1881,9,91.50,255.19,173.83
1881,10,91.50,252.06,173.20
1881,11,91.50,254.53,174.91
1881,12,91.50,248.43,177.48
1882,1,91.50,245.32,177.60
1882,2,91.50,241.17,178.30
1882,3,91.50,241.67,180.02
1882,4,91.50,242.64,182.42
1882,5,91.50,240.52,184.45
1882,6,91.50,240.51,184.00
1882,7,91.50,255.28,183.28
1882,8,91.50,263.75,184.26
1882,9,91.50,267.50,184.67
1882,10,91.50,261.69,183.75
1882,11,91.50,251.57,184.65
1882,12,91.50,253.79,187.19
1883,1,91.50,253.86,185.87
1883,2,91.50,249.05,186.39
1883,3,91.50,253.49,187.59
1883,4,91.50,260.14,188.21
1883,5,91.50,256.37,188.15
1883,6,91.50,260.34,189.07
1883,7,91.50,257.13,188.21
1883,8,91.50,246.64,189.24
1883,9,91.50,250.68,191.85
1883,10,91.50,245.18,193.27
1883,11,91.50,249.85,195.80
1883,12,91.50,245.95,199.24
1884,1,91.50,239.73,199.27
1884,2,91.50,247.26,199.82
1884,3,91.50,247.33,201.26
1884,4,91.50,238.70,200.68
1884,5,91.50,219.50,196.76
1884,6,91.50,211.98,195.27
1884,7,91.50,213.20,195.71
1884,8,91.50,228.10,196.98
1884,9,91.50,221.51,198.45
1884,10,91.50,215.42,199.41
1884,11,91.50,212.33,202.12
1884,12,91.50,212.85,204.12
1885,1,91.50,209.04,202.70
1885,2,91.50,216.51,203.88
1885,3,91.50,218.07,204.86
1885,4,91.50,218.57,204.37
1885,5,91.50,217.07,205.14
1885,6,91.50,217.07,206.96
1885,7,91.50,226.13,207.42
1885,8,91.50,239.77,208.41
1885,9,91.50,237.68,209.50
1885,10,91.50,252.45,210.28
1885,11,91.50,269.81,210.74
1885,12,91.50,268.69,212.59
1886,1,91.50,269.64,212.30
1886,2,91.50,275.77,216.75
1886,3,91.50,270.98,218.83
1886,4,91.50,268.25,218.65
1886,5,91.50,263.95,218.90
1886,6,91.50,276.91,220.68
1886,7,91.50,282.01,220.82
1886,8,91.50,285.00,221.07
1886,9,91.50,293.32,223.74
1886,10,91.50,301.67,225.96
1886,11,91.50,310.04,226.11
1886,12,91.50,302.93,227.92
1887,1,91.50,300.65,226.40
1887,2,91.50,299.43,228.55
1887,3,91.50,307.41,229.70
1887,4,91.50,315.40,230.74
1887,5,91.50,321.80,231.56
1887,6,91.50,313.51,232.26
1887,7,91.50,306.91,230.06
1887,8,91.50,300.28,229.31
1887,9,91.50,297.49,226.53
1887,10,91.50,288.65,227.91
1887,11,91.50,295.33,230.79
1887,12,91.50,294.80,229.35
1888,1,91.50,298.17,230.41
1888,2,91.50,297.62,233.43
1888,3,91.50,287.50,230.83
1888,4,91.50,289.79,230.99
1888,5,91.50,294.90,234.60
1888,6,91.50,286.83,237.07
1888,7,91.50,295.34,237.10
1888,8,91.50,302.73,238.66
1888,9,91.50,311.27,241.13
1888,10,91.50,310.55,239.54
1888,11,91.50,305.14,239.93
1888,12,91.50,300.29,241.39
1889,1,91.50,307.10,240.36
1889,2,91.50,311.60,243.36
1889,3,91.50,306.13,246.36
1889,4,91.50,306.54,245.31
1889,5,91.50,315.82,246.66
1889,6,91.50,322.19,247.67
1889,7,91.50,316.71,246.15
1889,8,91.50,321.97,246.31
1889,9,91.50,330.84,246.95
1889,10,91.50,325.90,245.78
1889,11,91.50,323.96,246.18
1889,12,91.50,323.23,247.08
1890,1,91.50,327.86,244.80
1890,2,91.50,325.20,241.08
1890,3,91.50,323.77,240.14
1890,4,91.50,331.54,239.81
1890,5,91.50,346.71,240.59
1890,6,91.50,345.27,241.74
1890,7,91.50,343.89,243.13
1890,8,91.50,336.90,246.03
1890,9,91.50,332.39,249.41
1890,10,91.50,318.41,246.48
1890,11,91.50,296.25,247.26
1890,12,91.50,290.38,246.05
1891,1,91.50,306.60,243.33
1891,2,91.50,311.48,244.25
1891,3,91.50,306.85,245.93
1891,4,91.50,318.15,247.62
1891,5,91.50,317.99,248.30
1891,6,91.50,312.71,248.98
1891,7,91.50,308.72,239.59
1891,8,91.50,320.23,239.62
1891,9,91.50,347.35,242.36
1891,10,91.50,348.49,240.47
1891,11,91.50,344.42,241.42
1891,12,91.50,356.10,244.05
1892,1,91.50,363.87,243.19
1892,2,91.50,365.72,244.01
1892,3,91.50,370.91,245.75
1892,4,91.50,371.47,243.58
1892,5,91.50,372.71,246.37
1892,6,91.50,371.94,248.66
1892,7,91.50,373.17,246.85
1892,8,91.50,379.79,246.62
1892,9,91.50,371.56,244.81
1892,10,91.50,380.27,245.12
1892,11,91.50,380.19,245.97
1892,12,91.50,377.37,245.61
1893,1,91.50,385.55,244.58
1893,2,91.50,380.02,243.95
1893,3,91.50,367.61,246.02
1893,4,91.50,368.98,246.07
1893,5,91.50,337.67,245.71
1893,6,91.50,322.98,242.48
1893,7,91.50,294.21,240.48
1893,8,91.50,288.51,242.58
1893,9,91.50,310.37,246.61
1893,10,91.50,320.88,246.24
1893,11,91.50,327.16,251.13
1893,12,91.50,316.99,254.93
1894,1,91.50,311.78,252.61
1894,2,91.50,317.31,255.59
1894,3,91.50,327.94,257.17
1894,4,91.50,333.51,258.20
1894,5,91.50,322.32,257.82
1894,6,91.50,319.13,259.71
1894,7,91.50,313.72,259.89
1894,8,91.50,326.77,260.94
1894,9,91.50,333.19,262.83
1894,10,91.50,324.01,262.74
1894,11,91.50,325.23,265.22
1894,12,91.50,323.46,265.98
1895,1,91.50,320.92,261.57
1895,2,91.50,317.62,275.49
1895,3,91.50,318.84,278.44
1895,4,91.50,333.71,282.12
1895,5,91.50,353.20,285.38
1895,6,91.50,361.24,290.11
1895,7,91.50,363.91,290.74
1895,8,91.50,370.44,287.55
1895,9,91.50,373.91,289.22
1895,10,91.50,369.63,278.93
1895,11,91.50,358.34,287.28
1895,12,91.50,338.40,286.74
1896,1,91.50,335.56,277.54
1896,2,91.50,350.76,276.85
1896,3,91.50,346.40,280.80
1896,4,91.50,350.73,284.15
1896,5,91.50,350.28,283.15
1896,6,91.50,345.08,284.41
1896,7,91.50,323.88,279.00
1896,8,91.50,306.62,274.03
1896,9,91.50,323.88,282.47
1896,10,91.50,332.29,286.34
1896,11,91.50,356.13,293.75
1896,12,91.50,344.27,295.19
1897,1,91.50,345.42,301.87
1897,2,91.50,343.32,304.09
1897,3,91.50,345.31,306.77
1897,4,91.50,335.75,309.31
1897,5,91.50,338.57,307.18
1897,6,91.50,355.50,312.23
1897,7,91.50,372.50,316.20
1897,8,91.50,397.87,315.93
1897,9,91.50,418.30,317.08
1897,10,91.50,406.02,322.03
1897,11,91.50,392.89,325.26
1897,12,91.50,402.53,328.65
1898,1,91.50,414.73,329.64
1898,2,91.50,415.10,323.01
1898,3,91.50,397.58,312.98
1898,4,91.50,391.98,308.86
1898,5,91.50,418.95,313.90
1898,6,91.50,436.55,319.59
1898,7,91.50,439.58,328.87
1898,8,91.50,457.31,331.03
1898,9,91.50,457.79,332.07
1898,10,91.50,449.57,333.74
1898,11,91.50,465.81,333.48
1898,12,91.50,496.14,337.46
1899,1,91.50,535.31,340.81
1899,2,91.50,556.94,339.54
1899,3,91.50,566.25,341.58
1899,4,91.50,574.70,345.12
1899,5,91.50,552.14,345.33
1899,6,91.50,541.07,349.04
1899,7,91.50,561.27,347.94
1899,8,91.50,577.04,349.67
1899,9,91.50,572.24,350.39
1899,10,91.50,571.07,351.29
1899,11,91.50,583.43,354.05
1899,12,91.50,545.27,363.22
1900,1,91.50,554.22,364.12
1900,2,91.50,565.93,366.40
1900,3,91.50,572.21,370.88
1900,4,91.50,581.30,365.80
1900,5,91.50,555.58,369.79
1900,6,91.50,540.82,370.55
1900,7,91.50,542.59,369.91
1900,8,91.50,551.84,367.73
1900,9,91.50,551.84,371.59
1900,10,91.50,540.73,372.68
1900,11,91.50,562.32,380.39
1900,12,91.50,608.32,385.50
1901,1,91.50,667.84,387.64
1901,2,91.50,686.88,388.57
1901,3,91.50,713.45,388.10
1901,4,91.50,775.22,392.04
1901,5,91.50,738.13,391.39
1901,6,91.50,813.76,393.58
1901,7,91.50,761.35,393.27
1901,8,91.50,774.07,390.49
1901,9,91.50,772.48,394.11
1901,10,91.50,766.08,398.98
1901,11,91.50,784.80,399.93
1901,12,91.50,774.56,401.25
1902,1,91.50,793.52,402.93
1902,2,91.50,802.72,403.89
1902,3,91.50,806.15,404.85
1902,4,91.50,836.14,405.45
1902,5,91.50,836.53,405.69
1902,6,91.50,834.05,395.40
1902,7,91.50,855.40,386.17
1902,8,91.50,880.82,387.50
1902,9,91.50,885.39,402.40
1902,10,91.50,859.95,405.58
1902,11,91.50,829.37,402.88
1902,12,91.50,812.84,400.92
1903,1,91.50,856.87,401.90
1903,2,91.50,854.46,404.37
1903,3,91.50,823.59,409.08
1903,4,91.50,792.61,404.11
1903,5,91.50,779.94,407.91
1903,6,91.50,739.60,406.10
1903,7,91.50,718.73,404.10
1903,8,91.50,688.44,405.10
1903,9,91.50,674.64,408.57
1903,10,91.50,655.56,410.13
1903,11,91.50,660.50,408.50
1903,12,91.50,693.63,409.13
1904,1,91.50,707.79,409.37
1904,2,91.50,691.29,406.57
1904,3,91.50,691.74,408.37
1904,4,91.50,711.41,409.02
1904,5,91.50,699.02,408.51
1904,6,91.50,702.71,410.67
1904,7,91.50,734.49,410.93
1904,8,91.50,762.06,408.87
1904,9,91.50,798.42,411.06
1904,10,91.50,847.98,412.10
1904,11,91.50,896.61,410.04
1904,12,91.50,908.08,411.28
1905,1,91.50,930.64,412.51
1905,2,91.50,974.30,413.56
1905,3,91.50,1004.79,420.93
1905,4,91.50,995.41,421.98
1905,5,91.50,949.25,420.65
1905,6,91.50,963.22,424.10
1905,7,91.50,996.27,425.17
1905,8,91.50,1036.22,427.44
1905,9,91.50,1042.51,432.10
1905,10,91.50,1060.17,433.17
1905,11,91.50,1057.48,429.63
1905,12,91.50,1086.60,422.42
1906,1,91.50,1127.20,424.30
1906,2,91.50,1122.29,422.96
1906,3,91.50,1098.01,424.86
1906,4,91.50,1086.27,430.43
1906,5,91.50,1060.68,427.02
1906,6,91.50,1077.74,426.08
1906,7,91.50,1053.15,427.56
1906,8,91.50,1134.20,430.95
1906,9,91.50,1172.56,434.11
1906,10,91.50,1169.00,434.58
1906,11,91.50,1167.83,435.27
1906,12,91.50,1160.93,435.97
1907,1,91.50,1131.62,433.33
1907,2,91.50,1099.90,434.02
1907,3,91.50,995.84,438.92
1907,4,91.50,1004.67,440.47
1907,5,91.50,973.98,438.62
1907,6,91.50,946.82,436.81
1907,7,91.50,987.21,437.94
1907,8,91.50,917.37,432.69
1907,9,91.50,911.87,428.71
1907,10,91.50,817.01,427.29
1907,11,91.50,773.21,417.30
1907,12,91.50,816.95,408.15
1908,1,91.50,855.94,409.29
1908,2,91.50,828.84,412.18
1908,3,91.50,866.79,421.55
1908,4,91.50,917.54,429.22
1908,5,91.50,976.28,430.39
1908,6,91.50,976.28,427.63
1908,7,91.50,1016.12,428.34
1908,8,91.50,1063.82,427.76
1908,9,91.50,1056.32,427.17
1908,10,91.50,1073.45,428.35
1908,11,91.50,1150.36,428.88
1908,12,91.50,1180.60,430.71
1909,1,91.50,1188.83,431.90
1909,2,91.50,1159.05,433.09
1909,3,91.50,1179.23,434.28
1909,4,91.50,1236.54,435.48
1909,5,91.50,1282.12,436.68
1909,6,91.50,1309.26,437.88
1909,7,91.50,1332.53,436.38
1909,8,91.50,1369.28,431.69
1909,9,91.50,1375.31,429.27
1909,10,91.50,1385.42,430.94
1909,11,91.50,1383.37,427.37
1909,12,91.50,1404.54,426.97
1910,1,91.50,1379.35,425.44
1910,2,91.50,1334.94,426.67
1910,3,91.50,1372.84,426.05
1910,4,91.50,1344.69,427.29
1910,5,91.50,1327.52,427.60
1910,6,91.50,1268.74,429.78
1910,7,91.50,1209.74,431.26
1910,8,91.50,1244.32,433.21
1910,9,91.50,1258.05,436.35
1910,10,91.50,1321.27,437.61
1910,11,91.50,1325.21,438.88
1910,12,91.50,1293.60,439.19
1911,1,91.50,1330.63,440.47
1911,2,91.50,1359.21,446.06
1911,3,91.50,1348.81,447.34
1911,4,91.50,1348.50,446.92
1911,5,91.50,1383.08,441.69
1911,6,91.50,1416.33,444.45
1911,7,91.50,1415.99,445.74
1911,8,91.50,1353.91,444.11
1911,9,91.50,1285.64,444.91
1911,10,91.50,1298.62,446.22
1911,11,91.50,1356.32,446.56
1911,12,91.50,1367.92,447.38
1912,1,91.50,1374.95,449.18
1912,2,91.50,1368.47,451.48
1912,3,91.50,1413.59,454.30
1912,4,91.50,1463.47,457.37
1912,5,91.50,1464.71,458.45
1912,6,91.50,1473.61,458.78
1912,7,91.50,1481.00,460.12
1912,8,91.50,1520.82,459.44
1912,9,91.50,1534.39,461.80
1912,10,91.50,1537.15,462.91
1912,11,91.50,1525.86,464.53
1912,12,91.50,1476.92,465.37
1913,1,91.50,1470.26,466.73
1913,2,91.50,1423.93,468.86
1913,3,91.50,1402.92,469.46
1913,4,91.50,1407.31,469.28
1913,5,91.50,1374.92,473.76
1913,6,91.50,1311.91,474.10
1913,7,91.50,1335.88,464.06
1913,8,91.50,1377.79,463.36
1913,9,91.50,1397.06,462.66
1913,10,91.50,1358.84,460.66
1913,11,91.50,1330.58,467.58
1913,12,91.50,1334.89,473.21
1914,1,91.50,1395.59,478.85
1914,2,91.50,1419.93,481.61
1914,3,91.50,1399.06,480.62
1914,4,91.50,1371.35,478.31
1914,5,91.50,1385.73,479.21
1914,6,91.50,1384.77,479.01
1914,7,91.50,1313.92,477.76
1914,8,91.50,1204.61,479.19
1914,9,91.50,1209.95,480.65
1914,10,91.50,1149.09,482.10
1914,11,91.50,1198.59,483.56
1914,12,91.50,1285.78,481.74
1915,1,91.50,1314.61,484.29
1915,2,91.50,1303.17,485.75
1915,3,91.50,1342.73,491.09
1915,4,91.50,1449.89,494.23
1915,5,91.50,1422.13,494.60
1915,6,91.50,1444.33,494.71
1915,7,91.50,1444.95,490.34
1915,8,91.50,1512.36,496.86
1915,9,91.50,1574.60,494.99
1915,10,91.50,1667.98,494.80
1915,11,91.50,1732.48,498.01
1915,12,91.50,1742.39,503.50
1916,1,91.50,1721.23,503.86
1916,2,91.50,1703.66,510.53
1916,3,91.50,1705.40,514.34
1916,4,91.50,1694.11,514.72
1916,5,91.50,1738.82,517.41
1916,6,91.50,1763.69,514.62
1916,7,91.50,1747.33,512.97
1916,8,91.50,1768.83,515.69
1916,9,91.50,1849.54,518.40
1916,10,91.50,1915.41,519.96
1916,11,91.50,1968.14,518.60
1916,12,91.50,1898.13,522.52
1917,1,91.50,1861.44,521.73
1917,2,91.50,1767.93,525.98
1917,3,91.50,1832.71,515.98
1917,4,91.50,1815.17,515.78
1917,5,91.50,1763.91,507.23
1917,6,91.50,1810.36,504.63
1917,7,91.50,1771.17,506.83
1917,8,91.50,1729.56,507.84
1917,9,91.50,1657.31,514.60
1917,10,91.50,1578.45,513.47
1917,11,91.50,1457.85,515.09
1917,12,91.50,1419.06,510.63
1918,1,91.50,1532.27,513.47
1918,2,91.50,1574.49,517.58
1918,3,91.50,1524.69,520.51
1918,4,91.50,1554.82,522.74
1918,5,91.50,1590.12,524.69
1918,6,91.50,1635.96,531.62
1918,7,91.50,1636.11,533.94
1918,8,91.50,1682.61,536.20
1918,9,91.50,1664.49,536.62
1918,10,91.50,1760.80,536.44
1918,11,91.50,1744.79,540.95
1918,12,91.50,1781.67,534.08
1919,1,91.50,1763.08,535.78
1919,2,91.50,1832.45,534.93
1919,3,91.50,1852.92,535.78
1919,4,91.50,1959.86,538.31
1919,5,91.50,2129.58,542.52
1919,6,91.50,2078.81,543.79
1919,7,91.50,2216.64,544.65
1919,8,91.50,2053.06,544.26
1919,9,91.50,2103.47,548.55
1919,10,91.50,2273.36,551.56
1919,11,91.50,2149.02,549.46
1919,12,91.50,2150.03,547.83
1920,1,91.50,2097.67,548.80
1920,2,91.50,1952.27,545.98
1920,3,91.50,2154.50,546.59
1920,4,91.50,2007.56,540.95
1920,5,91.50,1937.22,530.99
1920,6,91.50,1929.86,535.09
1920,7,91.50,1893.72,536.33
1920,8,91.50,1937.92,534.72
1920,9,91.50,1937.92,547.19
1920,10,91.50,1971.91,564.64
1920,11,91.50,1823.00,561.39
1920,12,91.50,1726.70,555.67
1921,1,91.50,1808.51,565.49
1921,2,91.50,1803.68,565.78
1921,3,91.50,1771.43,568.71
1921,4,91.50,1820.91,572.52
1921,5,91.50,1796.62,574.58
1921,6,91.50,1673.89,576.21
1921,7,91.50,1729.59,579.18
1921,8,91.50,1704.88,583.51
1921,9,91.50,1761.04,590.58
1921,10,91.50,1811.36,606.51
1921,11,91.50,1937.66,617.98
1921,12,91.50,1978.77,628.62
1922,1,91.50,2005.12,631.94
1922,2,91.50,2076.45,631.79
1922,3,91.50,2154.48,638.68
1922,4,91.50,2287.59,647.66
1922,5,91.50,2414.93,651.00
1922,6,91.50,2324.24,654.35
1922,7,91.50,2364.52,661.90
1922,8,91.50,2543.48,665.24
1922,9,91.50,2518.06,663.82
1922,10,91.50,2588.78,660.35
1922,11,91.50,2473.41,661.15
1922,12,91.50,2528.74,664.06
1923,1,91.50,2542.68,666.45
1923,2,91.50,2719.12,668.32
1923,3,91.50,2692.53,668.08
1923,4,91.50,2631.96,669.99
1923,5,91.50,2537.09,673.50
1923,6,91.50,2352.34,677.56
1923,7,91.50,2409.23,680.01
1923,8,91.50,2459.61,681.93
1923,9,91.50,2395.11,683.86
1923,10,91.50,2400.44,684.18
1923,11,91.50,2546.96,688.32
1923,12,91.50,2634.18,691.92
1924,1,91.50,2725.45,697.19
1924,2,91.50,2681.16,700.81
1924,3,91.50,2622.33,703.31
1924,4,91.50,2613.66,708.67
1924,5,91.50,2641.36,715.77
1924,6,91.50,2749.64,728.19
1924,7,91.50,2884.25,732.98
1924,8,91.50,2912.39,737.17
1924,9,91.50,2929.57,738.97
1924,10,91.50,2917.20,744.40
1924,11,91.50,3132.47,744.99
1924,12,91.50,3311.28,743.78
1925,1,91.50,3392.82,746.24
1925,2,91.50,3437.13,749.31
1925,3,91.50,3223.17,751.16
1925,4,91.50,3336.71,755.48
1925,5,91.50,3523.78,761.65
1925,6,91.50,3554.00,769.08
1925,7,91.50,3696.79,771.51
1925,8,91.50,3723.81,770.18
1925,9,91.50,3837.00,772.66
1925,10,91.50,4072.57,777.02
1925,11,91.50,4077.08,781.40
1925,12,91.50,4289.65,783.23
1926,1,91.50,4299.56,787.62
1926,2,91.50,4126.53,793.99
1926,3,91.50,3898.71,796.45
1926,4,91.50,3994.15,799.57
1926,5,91.50,4052.64,804.01
1926,6,91.50,4245.33,806.46
1926,7,91.50,4342.75,808.27
1926,8,91.50,4551.62,809.42
1926,9,91.50,4675.18,811.91
1926,10,91.50,4548.08,815.75
1926,11,91.50,4669.49,822.29
1926,12,91.50,4767.44,828.85
1927,1,91.50,4688.44,834.73
1927,2,91.50,4932.67,839.26
1927,3,91.50,4985.18,849.41
1927,4,91.50,5091.65,853.21
1927,5,91.50,5378.71,858.45
1927,6,91.50,5349.04,858.67
1927,7,91.50,5718.92,859.63
1927,8,91.50,5995.87,864.91
1927,9,91.50,6211.46,868.74
1927,10,91.50,5965.70,871.86
1927,11,91.50,6392.59,878.62
1927,12,91.50,6537.39,885.40
1928,1,91.50,6526.68,887.00
1928,2,91.50,6434.39,888.61
1928,3,91.50,7156.00,892.46
1928,4,91.50,7411.93,892.58
1928,5,91.50,7529.21,891.99
1928,6,91.50,7248.00,890.68
1928,7,91.50,7363.11,883.53
1928,8,91.50,7934.44,881.65
1928,9,91.50,8149.72,885.67
1928,10,91.50,8293.43,887.49
1928,11,91.50,9314.66,896.73
1928,12,91.50,9368.60,894.04
1929,1,91.50,9929.73,891.42
1929,2,91.50,9898.52,886.66
1929,3,91.50,9901.73,880.55
1929,4,91.50,10088.07,890.63
1929,5,91.50,9682.55,893.33
1929,6,91.50,10799.69,892.34
1929,7,91.50,11321.16,898.80
1929,8,91.50,12460.78,896.32
1929,9,91.50,11880.34,899.83
1929,10,91.50,9538.86,909.36
1929,11,91.50,8293.22,931.98
1929,12,91.50,8534.15,933.80
1930,1,91.50,9101.72,930.99
1930,2,91.50,9328.95,935.20
1930,3,91.50,10102.86,947.26
1930,4,91.50,10037.12,943.56
1930,5,91.50,9907.09,950.94
1930,6,91.50,8306.94,958.34
1930,7,91.50,8640.33,960.93
1930,8,91.50,8738.66,962.73
1930,9,91.50,7627.41,966.96
1930,10,91.50,6979.34,971.99
1930,11,91.50,6859.77,976.22
1930,12,91.50,6378.65,976.37
1931,1,91.50,6722.90,980.62
1931,2,91.50,7521.95,975.09
1931,3,91.50,7026.97,980.21
1931,4,91.50,6380.76,983.70
1931,5,91.50,5533.66,994.62
1931,6,91.50,6334.24,999.74
1931,7,91.50,5886.95,1000.67
1931,8,91.50,5973.94,1000.80
1931,9,91.50,4204.05,997.62
1931,10,91.50,4585.66,969.26
1931,11,91.50,4158.98,972.19
1931,12,91.50,3581.11,951.26
1932,1,91.50,3498.06,928.82
1932,2,91.50,3706.39,943.68
1932,3,91.50,3286.60,961.84
1932,4,91.50,2637.38,984.30
1932,5,91.50,2037.58,980.81
1932,6,91.50,2036.57,983.88
1932,7,91.50,2820.80,1001.77
1932,8,91.50,3900.05,1015.65
1932,9,91.50,3775.03,1021.11
1932,10,91.50,3260.94,1023.17
1932,11,91.50,3087.27,1024.39
1932,12,91.50,3263.78,1035.91
1933,1,143.07,3303.17,1050.09
1933,2,143.07,2705.45,1045.05
1933,3,143.07,2809.83,1038.40
1933,4,143.07,4015.06,1041.36
1933,5,143.07,4675.87,1054.80
1933,6,143.07,5306.89,1065.65
1933,7,143.07,4847.61,1069.39
1933,8,143.07,5420.38,1071.35
1933,9,143.07,4817.56,1076.00
1933,10,143.07,4398.06,1076.17
1933,11,143.07,4869.51,1057.75
1933,12,143.07,4990.15,1054.66
1934,1,154.94,5535.25,1062.15
1934,2,154.94,5344.20,1083.08
1934,3,154.94,5359.56,1097.86
1934,4,154.94,5229.90,1106.26
1934,5,154.94,4816.96,1115.61
1934,6,154.94,4933.08,1123.10
1934,7,154.94,4377.19,1128.70
1934,8,154.94,4628.09,1121.12
1934,9,154.94,4625.08,1107.23
1934,10,154.94,4487.00,1126.99
1934,11,154.94,4882.45,1129.86
1934,12,154.94,4873.35,1138.42
1935,1,154.94,4689.24,1156.63
1935,2,154.94,4517.25,1165.30
1935,3,154.94,4390.20,1167.99
1935,4,154.94,4831.88,1174.68
1935,5,154.94,5005.59,1178.36
1935,6,154.94,5359.68,1182.04
1935,7,154.94,5825.84,1186.73
1935,8,154.94,5970.92,1174.28
1935,9,154.94,6129.76,1174.05
1935,10,154.94,6616.87,1180.88
1935,11,154.94,6891.64,1182.65
1935,12,154.94,7173.97,1187.48
1936,1,154.94,7666.84,1192.30
1936,2,154.94,7817.30,1201.21
1936,3,154.94,8035.76,1209.10
1936,4,154.94,7436.53,1213.88
1936,5,154.94,7801.51,1218.66
1936,6,154.94,8065.26,1219.27
1936,7,154.94,8647.46,1223.02
1936,8,154.94,8743.85,1233.08
1936,9,154.94,8785.44,1232.58
1936,10,154.94,9481.89,1234.22
1936,11,154.94,9549.66,1249.68
1936,12,154.94,9527.10,1251.22
1937,1,154.94,9924.99,1259.22
1937,2,154.94,10107.03,1262.92
1937,3,154.94,10043.52,1237.18
1937,4,154.94,9249.92,1232.46
1937,5,154.94,9190.07,1239.63
1937,6,154.94,8745.56,1240.31
1937,7,154.94,9675.81,1252.94
1937,8,154.94,9181.22,1245.95
1937,9,154.94,7913.58,1251.00
1937,10,154.94,7148.29,1253.87
1937,11,154.94,6458.85,1263.31
1937,12,154.94,6168.06,1267.25
1938,1,154.94,6294.54,1272.29
1938,2,154.94,6718.36,1279.55
1938,3,154.94,5071.71,1280.12
1938,4,154.94,5822.24,1293.03
1938,5,154.94,5602.17,1300.30
1938,6,154.94,7024.76,1300.75
1938,7,154.94,7563.17,1304.63
1938,8,154.94,7389.21,1309.65
1938,9,154.94,7538.73,1303.26
1938,10,154.94,8131.05,1318.64
1938,11,154.94,7892.79,1316.76
1938,12,154.94,8215.80,1322.97
1939,1,154.94,7678.87,1325.70
1939,2,154.94,7957.39,1334.25
1939,3,154.94,6904.14,1347.49
1939,4,154.94,6892.28,1358.40
1939,5,154.94,7349.44,1377.74
1939,6,154.94,6906.59,1376.57
1939,7,154.94,7689.44,1381.46
1939,8,154.94,7172.33,1368.28
1939,9,154.94,8381.49,1315.84
1939,10,154.94,8293.09,1345.51
1939,11,154.94,7919.57,1361.33
1939,12,154.94,8141.08,1376.01
1940,1,152.72,7888.07,1377.44
1940,2,152.72,7971.88,1378.89
1940,3,152.72,8089.13,1393.68
1940,4,152.72,8083.29,1388.96
1940,5,152.72,6181.88,1368.71
1940,6,152.72,6696.79,1389.60
1940,7,152.72,6936.92,1400.83
1940,8,152.72,7152.82,1405.91
1940,9,152.72,7267.50,1418.41
1940,10,152.72,7588.71,1428.44
1940,11,152.72,7307.86,1451.14
1940,12,152.72,7320.25,1459.86
1941,1,157.15,7010.94,1462.15
1941,2,157.15,6945.15,1453.06
1941,3,157.15,7011.28,1474.07
1941,4,157.15,6599.74,1487.24
1941,5,157.15,6658.29,1488.42
1941,6,157.15,7058.23,1504.32
1941,7,157.15,7488.12,1523.02
1941,8,157.15,7466.70,1515.78
1941,9,157.15,7435.91,1516.80
1941,10,157.15,6974.15,1526.00
1941,11,157.15,6721.98,1522.88
1941,12,157.15,6458.86,1499.57
1942,1,157.15,6590.62,1503.50
1942,2,157.15,6423.86,1496.70
1942,3,157.15,6075.53,1510.10
1942,4,157.15,5851.80,1504.60
1942,5,157.15,6268.15,1511.29
1942,6,157.15,6425.81,1512.56
1942,7,157.15,6667.08,1511.14
1942,8,157.15,6754.04,1513.81
1942,9,157.15,6974.76,1515.13
1942,10,157.15,7462.71,1519.17
1942,11,157.15,7398.67,1519.14
1942,12,157.15,7820.11,1525.93
1943,1,161.58,8419.79,1534.09
1943,2,161.58,8885.52,1535.36
1943,3,161.58,9393.71,1535.28
1943,4,161.58,9441.70,1540.71
1943,5,161.58,9905.35,1550.29
1943,6,161.58,10141.90,1554.30
1943,7,161.58,9632.77,1554.14
1943,8,161.58,9772.94,1554.00
1943,9,161.58,10046.27,1556.67
1943,10,161.58,9955.51,1556.56
1943,11,161.58,9246.32,1555.09
1943,12,161.58,9834.38,1556.43
1944,1,160.47,10029.59,1559.18
1944,2,160.47,10047.97,1567.52
1944,3,160.47,10261.92,1570.24
1944,4,160.47,10178.70,1571.56
1944,5,160.47,10635.32,1574.29
1944,6,160.47,11223.03,1575.63
1944,7,160.47,11035.73,1578.39
1944,8,160.47,11177.53,1585.39
1944,9,160.47,11189.17,1586.71
1944,10,160.47,11235.89,1588.04
1944,11,160.47,11326.75,1590.80
1944,12,160.47,11771.12,1592.15
1945,1,164.90,11987.59,1615.02
1945,2,164.90,12774.50,1626.36
1945,3,164.90,12233.34,1636.25
1945,4,164.90,13358.17,1656.48
1945,5,164.90,13559.95,1658.87
1945,6,164.90,13563.65,1668.73
1945,7,164.90,13341.50,1666.57
1945,8,164.90,14165.16,1671.94
1945,9,164.90,14808.98,1678.81
1945,10,164.90,15308.37,1690.21
1945,11,164.90,15855.43,1700.08
1945,12,164.90,16062.94,1684.04
1946,1,169.32,17234.94,1695.48
1946,2,169.32,16090.34,1700.81
1946,3,169.32,16888.01,1706.13
1946,4,169.32,17576.04,1685.52
1946,5,169.32,18022.69,1686.42
1946,6,169.32,17371.20,1693.40
1946,7,169.32,16982.09,1689.73
1946,8,169.32,15797.90,1683.11
1946,9,169.32,14251.10,1678.10
1946,10,169.32,14199.52,1683.70
1946,11,169.32,14087.43,1674.23
1946,12,169.32,14748.93,1690.46
1947,1,190.35,15146.62,1699.11
1947,2,190.35,14987.12,1704.68
1947,3,190.35,14799.05,1707.18
1947,4,190.35,14283.61,1706.62
1947,5,190.35,14214.01,1710.68
1947,6,190.35,15027.99,1707.08
1947,7,190.35,15640.44,1711.19
1947,8,190.35,15256.03,1718.37
1947,9,190.35,15108.22,1713.21
1947,10,190.35,15505.86,1700.52
1947,11,190.35,15133.13,1688.07
1947,12,190.35,15521.78,1666.93
1948,1,185.92,14980.44,1669.95
1948,2,185.92,14346.62,1675.98
1948,3,185.92,15515.92,1680.49
1948,4,185.92,16003.58,1685.01
1948,5,185.92,17326.87,1701.63
1948,6,185.92,17465.80,1689.39
1948,7,185.92,16595.87,1689.40
1948,8,185.92,16803.82,1689.43
1948,9,185.92,16376.56,1697.05
1948,10,185.92,17563.48,1694.05
1948,11,185.92,15746.38,1704.75
1948,12,185.92,16313.24,1712.38
1949,1,179.28,16427.98,1723.08
1949,2,179.28,15863.87,1727.60
1949,3,179.28,16430.76,1736.76
1949,4,179.28,16180.03,1741.24
1949,5,179.28,15665.33,1745.71
1949,6,179.28,15717.46,1761.18
1949,7,179.28,16806.50,1768.74
1949,8,179.28,17100.15,1782.66
1949,9,179.28,17593.53,1780.58
1949,10,179.28,18221.12,1783.32
1949,11,179.28,18349.38,1786.07
1949,12,179.28,19260.20,1796.85
1950,1,178.18,19705.47,1783.51
1950,2,178.18,20014.56,1783.14
1950,3,178.18,20209.29,1782.80
1950,4,178.18,21237.86,1777.71
1950,5,178.18,22189.86,1779.07
1950,6,178.18,21020.05,1772.51
1950,7,178.18,21330.07,1775.55
1950,8,178.18,22156.04,1778.60
1950,9,178.18,23527.72,1775.30
1950,10,178.18,23772.74,1768.90
1950,11,178.18,23897.41,1767.35
1950,12,178.18,25149.80,1772.15
1951,1,177.07,26846.23,1783.31
1951,2,177.07,27176.69,1776.94
1951,3,177.07,26835.88,1756.54
1951,4,177.07,28290.42,1744.36
1951,5,177.07,27306.64,1733.97
1951,6,177.07,26760.96,1736.09
1951,7,177.07,28761.32,1755.30
1951,8,177.07,30191.47,1776.18
1951,9,177.07,30191.47,1757.59
1951,10,177.07,29928.71,1756.51
1951,11,177.07,30003.67,1753.93
1951,12,177.07,31324.80,1762.33
1952,1,171.31,31977.55,1766.02
1952,2,171.31,30966.15,1761.92
1952,3,171.31,32598.52,1765.60
1952,4,171.31,31362.58,1786.33
1952,5,171.31,32236.28,1796.15
1952,6,171.31,33889.98,1793.39
1952,7,171.31,34659.69,1787.58
1952,8,171.31,34326.57,1777.24
1952,9,171.31,33819.25,1764.02
1952,10,171.31,33945.31,1789.60
1952,11,171.31,35695.51,1794.91
1952,12,171.31,37120.23,1795.52
1953,1,157.15,37020.27,1782.13
1953,2,157.15,36513.08,1775.19
1953,3,157.15,35809.32,1769.93
1953,4,157.15,35024.11,1763.25
1953,5,157.15,35093.04,1734.01
1953,6,157.15,34686.10,1729.41
1953,7,157.15,35742.55,1761.14
1953,8,157.15,33840.81,1762.39
1953,9,157.15,34048.72,1779.02
1953,10,157.15,35970.23,1816.11
1953,11,157.15,36460.96,1816.98
1953,12,157.15,36712.38,1835.35
1954,1,156.04,38775.70,1857.03
1954,2,156.04,39070.80,1862.49
1954,3,156.04,40420.24,1882.68
1954,4,156.04,42586.30,1899.62
1954,5,156.04,44172.67,1889.99
1954,6,156.04,44393.23,1892.08
1954,7,156.04,47105.64,1909.12
1954,8,156.04,45697.31,1902.78
1954,9,156.04,49684.42,1903.20
1954,10,156.04,48914.81,1898.67
1954,11,156.04,53059.63,1894.24
1954,12,156.04,55951.04,1893.19
1955,1,155.60,57151.37,1880.70
1955,2,155.60,57570.95,1878.24
1955,3,155.60,57498.77,1879.12
1955,4,155.60,59854.16,1870.24
1955,5,155.60,59981.54,1872.90
1955,6,155.60,65125.23,1873.95
1955,7,155.60,69310.75,1858.82
1955,8,155.60,68984.32,1852.04
1955,9,155.60,69984.22,1856.62
1955,10,155.60,68064.23,1875.80
1955,11,155.60,73385.17,1878.67
1955,12,155.60,73535.76,1871.80
1956,1,155.82,71101.26,1876.42
1956,2,155.82,73787.11,1890.59
1956,3,155.82,79146.13,1875.80
1956,4,155.82,79226.44,1845.62
1956,5,155.82,74254.75,1867.87
1956,6,155.82,77418.25,1883.82
1956,7,155.82,81656.45,1870.96
1956,8,155.82,78786.66,1841.15
1956,9,155.82,75469.34,1838.47
1956,10,155.82,76107.16,1849.89
1956,11,155.82,75508.44,1831.66
1956,12,155.82,78408.96,1821.55
1957,1,156.04,75371.77,1827.00
1957,2,156.04,73149.36,1850.62
1957,3,156.04,74830.29,1845.01
1957,4,156.04,77839.93,1839.53
1957,5,156.04,80961.47,1826.61
1957,6,156.04,81105.00,1802.03
1957,7,156.04,82280.44,1788.45
1957,8,156.04,77912.39,1794.31
1957,9,156.04,73340.86,1801.67
1957,10,156.04,71247.45,1800.12
1957,11,156.04,72651.49,1843.73
1957,12,156.04,69898.84,1929.39
1958,1,156.04,73145.30,1953.99
1958,2,156.04,71895.28,1965.57
1958,3,156.04,74372.80,1982.12
1958,4,156.04,76994.53,2003.72
1958,5,156.04,78401.89,2001.82
1958,6,156.04,80702.93,1998.33
1958,7,156.04,84438.96,1965.21
1958,8,156.04,85698.74,1915.56
1958,9,156.04,90103.64,1886.55
1958,10,156.04,92652.07,1886.22
1958,11,156.04,94990.72,1901.60
1958,12,156.04,100196.11,1888.71
1959,1,156.04,100844.59,1894.79
1959,2,156.04,101094.42,1910.39
1959,3,156.04,101418.04,1912.04
1959,4,156.04,105624.14,1898.34
1959,5,156.04,107896.82,1875.89
1959,6,156.04,107784.83,1878.08
1959,7,156.04,111823.35,1875.79
1959,8,156.04,110420.68,1878.13
1959,9,156.04,105660.61,1847.62
1959,10,156.04,107132.63,1877.28
1959,11,156.04,108832.18,1884.36
1959,12,156.04,112123.89,1867.36
1960,1,161.58,104413.82,1870.16
1960,2,161.58,105675.22,1912.47
1960,3,161.58,104511.26,1957.06
1960,4,161.58,102986.57,1959.25
1960,5,161.58,106059.64,1955.19
1960,6,161.58,108439.37,1994.17
1960,7,161.58,106062.48,2041.95
1960,8,161.58,109143.16,2065.27
1960,9,161.58,102862.72,2071.81
1960,10,161.58,102924.13,2063.25
1960,11,161.58,107382.03,2063.24
1960,12,161.58,112665.49,2085.16
1961,1,157.15,120094.43,2091.83
1961,2,157.15,123635.78,2108.77
1961,3,157.15,127107.81,2122.29
1961,4,157.15,127912.03,2122.00
1961,5,157.15,130676.33,2140.83
1961,6,157.15,127243.77,2118.01
1961,7,157.15,131718.58,2117.98
1961,8,157.15,134625.56,2104.36
1961,9,157.15,132298.71,2121.72
1961,10,157.15,136379.13,2139.13
1961,11,157.15,142079.54,2142.64
1961,12,157.15,142872.70,2128.90
1962,1,156.49,137800.38,2129.21
1962,2,156.49,140383.11,2153.83
1962,3,156.49,139901.15,2185.66
1962,4,156.49,131577.08,2192.69
1962,5,156.49,120608.50,2192.62
1962,6,156.49,111085.12,2182.00
1962,7,156.49,118497.36,2182.20
1962,8,156.49,120661.40,2203.77
1962,9,156.49,115198.78,2214.63
1962,10,156.49,116074.11,2225.50
1962,11,156.49,128226.66,2232.77
1962,12,156.49,130322.71,2252.81
1963,1,156.04,137095.55,2256.38
1963,2,156.04,133510.65,2250.85
1963,3,156.04,138617.62,2256.41
1963,4,156.04,145724.92,2263.84
1963,5,156.04,148195.75,2269.45
1963,6,156.04,145586.11,2269.58
1963,7,156.04,145469.31,2277.15
1963,8,156.04,152948.52,2281.04
1963,9,156.04,151649.04,2279.45
1963,10,156.04,156936.58,2272.45
1963,11,156.04,155685.05,2293.24
1963,12,156.04,159894.58,2289.91
1964,1,156.49,164613.17,2295.95
1964,2,156.49,166651.28,2298.32
1964,3,156.49,169594.80,2297.04
1964,4,156.49,171052.07,2307.00
1964,5,156.49,173437.77,2320.72
1964,6,156.49,176713.82,2336.35
1964,7,156.49,180376.37,2336.88
1964,8,156.49,177889.55,2341.25
1964,9,156.49,183440.44,2355.16
1964,10,156.49,185376.86,2367.19
1964,11,156.49,184870.57,2367.74
1964,12,156.49,186049.48,2374.11
1965,1,157.15,192684.33,2386.28
1965,2,157.15,192866.42,2388.83
1965,3,157.15,190533.69,2401.10
1965,4,157.15,197538.45,2407.56
1965,5,157.15,196490.72,2412.11
1965,6,157.15,187417.99,2426.48
1965,7,157.15,190429.44,2431.05
1965,8,157.15,195213.20,2429.78
1965,9,157.15,201958.22,2422.76
1965,10,157.15,207989.19,2419.83
1965,11,157.15,206676.57,2415.10
1965,12,157.15,209037.42,2391.27
1966,1,156.71,210578.51,2400.54
1966,2,156.71,207340.60,2349.22
1966,3,156.71,203344.71,2416.25
1966,4,156.71,208052.87,2410.75
1966,5,156.71,197328.39,2418.50
1966,6,156.71,194684.20,2396.49
1966,7,156.71,192618.91,2391.62
1966,8,156.71,178197.70,2345.14
1966,9,156.71,177505.53,2418.00
1966,10,156.71,186499.67,2437.49
1966,11,156.71,187637.59,2419.46
1966,12,156.71,187915.10,2521.60
1967,1,157.15,203171.44,2555.05
1967,2,157.15,204136.83,2525.17
1967,3,157.15,212751.22,2578.76
1967,4,157.15,222306.85,2532.81
1967,5,157.15,211221.07,2537.01
1967,6,157.15,215493.16,2467.92
1967,7,157.15,225842.71,2490.12
1967,8,157.15,231695.47,2479.77
1967,9,157.15,231695.47,2483.03
1967,10,157.15,225546.37,2431.84
1967,11,157.15,226371.73,2424.72
1967,12,157.15,232906.62,2443.75
1968,1,155.82,223288.02,2584.01
1968,2,155.82,216911.19,2592.04
1968,3,155.82,219546.84,2565.23
1968,4,173.09,237822.58,2581.41
1968,5,185.92,241407.66,2570.54
1968,6,181.27,244218.41,2626.06
1968,7,172.20,240325.08,2688.53
1968,8,176.41,253712.98,2694.50
1968,9,175.74,253712.98,2692.43
1968,10,173.53,256174.10,2680.44
1968,11,176.41,269094.46,2658.83
1968,12,185.70,258531.79,2596.88
1969,1,188.36,257059.11,2604.39
1969,2,189.33,245526.04,2604.43
1969,3,190.79,254628.50,2610.37
1969,4,193.01,260751.41,2643.36
1969,5,191.01,260829.96,2588.05
1969,6,182.51,246990.70,2570.24
1969,7,183.49,232790.77,2597.83
1969,8,181.27,242785.47,2580.23
1969,9,179.95,237376.84,2470.96
1969,10,176.41,248243.95,2590.45
1969,11,157.37,240456.81,2540.55
1969,12,155.87,236645.64,2450.53
1970,1,154.85,219228.22,2489.52
1970,2,154.94,231460.92,2663.21
1970,3,156.26,232480.93,2643.92
1970,4,158.70,212132.53,2522.28
1970,5,157.15,199888.42,2515.39
1970,6,157.19,190578.98,2581.14
1970,7,156.22,205244.60,2653.97
1970,8,158.34,215067.99,2649.34
1970,9,160.42,223104.67,2704.37
1970,10,165.56,221017.98,2712.99
1970,11,166.45,232199.23,2900.55
1970,12,165.47,246077.56,2914.11
1971,1,168.22,256729.46,3019.11
1971,2,171.71,259751.96,3023.32
1971,3,171.76,270005.48,3178.67
1971,4,175.30,280498.15,3066.27
1971,5,180.61,269537.83,3014.82
1971,6,177.95,270426.25,2961.03
1971,7,188.05,259948.98,2945.35
1971,8,181.50,270032.21,3087.66
1971,9,188.05,268852.40,3168.24
1971,10,187.69,258315.90,3214.71
1971,11,192.78,258360.10,3216.19
1971,12,193.09,281329.31,3241.62
1972,1,207.84,287131.49,3209.95
1972,2,214.25,294051.09,3238.11
1972,3,214.17,297555.37,3235.35
1972,4,219.12,299569.74,3247.08
1972,5,262.51,304953.90,3285.33
1972,6,283.75,299505.29,3277.74
1972,7,305.00,300922.14,3301.80
1972,8,295.71,312008.63,3246.56
1972,9,283.75,311213.88,3235.50
1972,10,285.17,314851.64,3284.11
1972,11,281.54,330520.74,3333.18
1972,12,286.41,334600.73,3318.93
1973,1,292.16,329623.44,3305.18
1973,2,377.60,318016.62,3299.44
1973,3,399.51,318312.57,3296.38
1973,4,401.51,306091.32,3321.99
1973,5,506.86,301079.45,3286.10
1973,6,546.70,299870.17,3302.72
1973,7,509.96,312043.16,3208.35
1973,8,460.38,301382.57,3269.58
1973,9,443.78,314255.67,3372.19
1973,10,430.50,314665.93,3437.94
1973,11,443.78,279655.70,3462.11
1973,12,496.90,285109.12,3429.56
1974,1,589.86,283082.21,3424.79
1974,2,750.33,282897.70,3442.35
1974,3,765.83,277154.59,3366.93
1974,4,745.91,267192.61,3329.37
1974,5,692.78,259090.91,3383.35
1974,6,649.62,256157.09,3376.30
1974,7,681.72,237122.22,3339.54
1974,8,687.25,216610.37,3310.96
1974,9,652.94,191659.40,3372.56
1974,10,736.61,223813.50,3430.22
1974,11,805.67,212820.56,3488.53
1974,12,830.01,209444.24,3569.81
1975,1,780.21,236101.32,3559.47
1975,2,804.56,251178.81,3599.06
1975,3,786.85,257568.81,3487.87
1975,4,741.04,270698.10,3440.53
1975,5,742.59,283594.71,3528.27
1975,6,734.84,297126.89,3571.27
1975,7,736.61,277989.99,3536.90
1975,8,714.92,273100.96,3556.25
1975,9,612.00,264610.31,3518.35
1975,10,634.79,281888.53,3682.58
1975,11,612.00,289823.50,3649.40
1975,12,620.85,287462.24,3770.37
1976,1,566.62,322451.17,3784.40
1976,2,585.66,319757.49,3816.81
1976,3,573.26,330556.49,3870.52
1976,4,567.29,327929.89,3892.56
1976,5,554.45,324229.43,3840.70
1976,6,548.03,338514.26,3892.59
1976,7,497.57,336828.39,3918.09
1976,8,456.18,344806.18,3997.99
1976,9,513.94,344806.18,4053.94
1976,10,541.39,338246.40,4116.03
1976,11,575.92,336727.02,4260.40
1976,12,595.62,355517.78,4345.25
1977,1,584.77,338709.44,4195.08
1977,2,629.70,332532.69,4206.46
1977,3,663.13,329032.78,4241.32
1977,4,648.52,330314.57,4258.75
1977,5,633.91,323750.06,4305.87
1977,6,632.80,339659.36,4386.45
1977,7,639.66,335416.35,4346.37
1977,8,646.30,329630.91,4415.61
1977,9,681.27,330090.28,4402.80
1977,10,711.82,317093.78,4366.60
1977,11,707.39,326979.54,4415.46
1977,12,733.07,329252.22,4373.86
1978,1,775.56,310383.87,4354.48
1978,2,805.67,304088.07,4353.96
1978,3,800.13,313066.62,4350.95
1978,4,752.55,341243.35,4354.22
1978,5,818.50,344130.39,4331.83
1978,6,810.98,339526.84,4304.68
1978,7,880.48,359318.63,4352.88
1978,8,917.66,370126.47,4433.75
1978,9,962.59,368939.32,4414.59
1978,10,1078.57,336673.43,4330.13
1978,11,857.46,343801.60,4391.29
1978,12,993.80,350455.75,4340.20
1979,1,1031.65,365964.01,4431.10
1979,2,1110.67,354183.65,4401.61
1979,3,1060.87,375311.99,4452.31
1979,4,1077.69,377584.77,4417.85
1979,5,1226.87,369291.84,4535.58
1979,6,1223.77,385225.98,4643.88
1979,7,1307.44,390314.50,4618.16
1979,8,1406.60,412757.85,4584.81
1979,9,1757.41,414491.43,4561.59
1979,10,1681.05,387840.37,4242.94
1979,11,1846.83,406164.48,4372.10
1979,12,2319.61,414774.58,4423.68
1980,1,2957.06,440532.86,4246.59
1980,2,2833.11,440467.47,3910.58
1980,3,2227.76,397502.81,3969.98
1980,4,2298.58,415784.03,4473.64
1980,5,2352.37,437083.79,4653.09
1980,6,2932.71,450816.48,4738.16
1980,7,2735.72,482133.49,4590.58
1980,8,2805.44,486951.41,4421.82
1980,9,2965.91,501220.23,4384.89
1980,10,2815.41,511300.03,4278.51
1980,11,2751.22,565702.71,4259.64
1980,12,2609.56,548607.74,4376.23
1981,1,2246.57,525628.92,4359.24
1981,2,2170.21,534729.11,4229.83
1981,3,2276.45,556129.68,4346.89
1981,4,2129.26,545262.03,4170.23
1981,5,2119.30,546545.31,4358.42
1981,6,1865.87,543051.83,4323.59
1981,7,1793.94,544100.27,4191.15
1981,8,1883.58,512570.32,4083.55
1981,9,1888.00,487245.04,4046.61
1981,10,1899.07,513509.50,4362.67
1981,11,1839.31,534627.81,4781.94
1981,12,1770.69,520886.57,4619.24
1982,1,1718.68,514127.83,4633.70
1982,2,1608.01,485389.18,4715.62
1982,3,1418.77,482856.45,4733.12
1982,4,1579.24,504625.72,4868.24
1982,5,1440.90,487324.35,4966.61
1982,6,1390.00,479907.48,4833.29
1982,7,1516.16,471374.78,5091.95
1982,8,1813.19,528555.37,5397.44
1982,9,1747.45,535105.33,5790.47
1982,10,1868.08,596706.54,6195.05
1982,11,1895.75,620816.82,6221.75
1982,12,1983.18,632790.14,6435.00
1983,1,2226.65,656350.39,6328.26
1983,2,1858.12,671409.56,6586.42
1983,3,1833.78,696242.32,6507.80
1983,4,1896.86,751037.77,6701.58
1983,5,1943.34,744404.58,6548.65
1983,6,1844.84,773367.51,6550.35
1983,7,1869.19,750521.46,6313.50
1983,8,1834.88,761711.04,6296.33
1983,9,1788.40,772192.99,6557.69
1983,10,1697.65,763225.87,6507.80
1983,11,1796.15,779282.40,6612.77
1983,12,1688.80,775165.88,6605.06
1984,1,1646.30,770831.60,6727.27
1984,2,1755.64,743699.13,6651.61
1984,3,1719.79,756570.40,6536.07
1984,4,1665.34,763602.46,6498.67
1984,5,1697.43,721186.75,6188.12
1984,6,1661.13,736696.05,6283.56
1984,7,1512.17,727535.17,6687.47
1984,8,1539.18,807866.95,6804.48
1984,9,1523.46,808034.51,7000.60
1984,10,1480.74,811036.01,7349.63
1984,11,1454.63,801841.38,7511.14
1984,12,1367.86,822856.26,7596.63
1985,1,1349.71,886955.24,7838.88
1985,2,1285.97,897762.14,7578.46
1985,3,1459.94,898348.49,7769.66
1985,4,1437.14,897425.53,7955.42
1985,5,1386.23,949148.49,8586.12
1985,6,1401.06,963891.69,8675.26
1985,7,1452.41,962504.52,8583.68
1985,8,1486.28,954256.37,8810.57
1985,9,1445.33,924429.07,8870.09
1985,10,1442.01,967066.34,9109.05
1985,11,1449.31,1033341.30,9421.79
1985,12,1447.54,1083270.48,9846.86
1986,1,1567.07,1089263.50,9871.90
1986,2,1497.34,1170567.48,10577.82
1986,3,1529.44,1235816.97,11182.14
1986,4,1526.12,1221824.96,11258.48
1986,5,1519.92,1286693.06,10837.60
1986,6,1529.44,1308359.95,11426.49
1986,7,1583.67,1235163.54,11504.13
1986,8,1708.72,1326681.46,11880.08
1986,9,1864.54,1216931.12,11556.73
1986,10,1777.34,1287158.99,11713.81
1986,11,1726.43,1318441.14,11935.71
1986,12,1730.41,1284796.00,11942.88
1987,1,1803.01,1457773.33,12054.99
1987,2,1796.15,1515290.29,12119.03
1987,3,1854.80,1558985.34,11934.83
1987,4,2011.95,1544923.40,11468.80
1987,5,1999.78,1558053.56,11338.60
1987,6,1979.19,1636516.58,11500.77
1987,7,2055.11,1719323.76,11372.57
1987,8,2018.15,1783329.33,11206.37
1987,9,2032.54,1744134.13,10845.81
1987,10,2071.71,1368537.43,11469.17
1987,11,2186.37,1255729.38,11472.60
1987,12,2153.61,1351231.68,11678.15
1988,1,2059.54,1397279.02,12207.09
1988,2,1875.83,1473705.53,12371.66
1988,3,2027.45,1428177.75,12127.71
1988,4,1990.93,1445623.23,11979.87
1988,5,2009.74,1456462.40,11815.57
1988,6,1933.82,1523302.10,12200.18
1988,7,1915.45,1518998.15,12055.22
1988,8,1887.34,1466005.46,12046.27
1988,9,1753.65,1528464.65,12438.57
1988,10,1825.14,1571022.87,12709.73
1988,11,1864.98,1548633.60,12467.68
1988,12,1815.63,1562163.41,12497.59
1989,1,1747.90,1691030.27,12698.16
1989,2,1712.04,1648887.68,12542.26
1989,3,1692.34,1687355.24,12655.80
1989,4,1687.92,1772493.55,12984.45
1989,5,1609.12,1846776.30,13441.17
1989,6,1642.98,1836303.54,13985.57
1989,7,1633.91,2002101.22,14341.28
1989,8,1591.85,2041241.44,14024.29
1989,9,1633.47,2043106.30,14074.85
1989,10,1664.67,1985754.97,14538.77
1989,11,1800.80,2026251.45,14711.95
1989,12,1775.12,2111843.68,14720.66
1990,1,1848.38,1935611.52,14341.48
1990,2,1810.98,1960543.79,14365.64
1990,3,1647.63,2005541.10,14333.83
1990,4,1644.75,1962288.34,14070.61
1990,5,1610.00,2153619.86,14594.17
1990,6,1559.98,2148216.69,14865.63
1990,7,1642.76,2132231.38,15039.98
1990,8,1718.02,1939499.84,14651.17
1990,9,1797.70,1899320.55,14798.33
1990,10,1678.84,1837255.11,15075.54
1990,11,1703.41,1956015.63,15583.08
1990,12,1730.85,2010501.30,15880.39
1991,1,1636.12,2098062.30,16041.00
1991,2,1606.91,2248104.36,16159.18
1991,3,1567.07,2279085.13,16234.47
1991,4,1564.63,2307993.22,16376.30
1991,5,1600.49,2407558.24,16441.58
1991,6,1624.17,2339187.27,16353.85
1991,7,1609.56,2404337.11,16510.21
1991,8,1536.08,2441218.71,17052.40
1991,9,1551.57,2420109.14,17574.58
1991,10,1582.12,2452648.51,17683.98
1991,11,1623.95,2393547.16,17903.18
1991,12,1564.41,2623018.11,18858.73
1992,1,1567.73,2574137.96,18200.49
1992,2,1562.86,2607475.78,18362.58
1992,3,1511.73,2556763.57,18129.55
1992,4,1488.49,2631833.82,18155.00
1992,5,1494.25,2658045.79,18629.59
1992,6,1520.14,2605386.69,18994.01
1992,7,1584.55,2711826.00,19679.84
1992,8,1507.30,2656323.12,19930.43
1992,9,1544.93,2687539.04,20398.91
1992,10,1499.78,2723917.52,19892.24
1992,11,1477.20,2788651.73,19794.80
1992,12,1473.66,2822875.50,20263.33
1993,1,1464.14,2871296.27,20829.03
1993,2,1455.29,2876951.02,21499.67
1993,3,1491.37,2946147.77,21607.71
1993,4,1564.63,2874938.50,21684.39
1993,5,1686.59,2976122.28,21618.42
1993,6,1677.73,2960486.97,22312.71
1993,7,1787.07,2962745.59,22370.96
1993,8,1640.55,3060456.68,23121.11
1993,9,1561.09,3036990.05,23312.59
1993,10,1633.91,3108943.08,23365.33
1993,11,1641.43,3070262.24,22786.00
1993,12,1729.31,3107384.47,22896.71
1994,1,1674.19,3213025.33,23229.97
1994,2,1685.48,3125819.81,22579.34
1994,3,1725.10,2989542.72,21691.61
1994,4,1666.45,3043044.01,21361.22
1994,5,1709.83,3077568.56,21317.27
1994,6,1706.06,3002131.90,21184.25
1994,7,1700.09,3120154.13,21653.64
1994,8,1709.83,3227840.32,21672.61
1994,9,1750.11,3148909.09,21140.91
1994,10,1714.92,3219653.52,20989.13
1994,11,1696.99,3102375.05,20976.19
1994,12,1693.23,3147410.64,21219.69
1995,1,1663.79,3230066.12,21726.59
1995,2,1663.13,3355947.01,22467.68
1995,3,1711.16,3454970.62,22635.40
1995,4,1724.21,3554459.07,22985.43
1995,5,1700.97,3698862.80,24450.82
1995,6,1715.80,3784777.69,24741.68
1995,7,1696.99,3910292.17,24437.12
1995,8,1689.46,3920119.61,24875.55
1995,9,1698.76,4066858.52,25208.05
1995,10,1692.78,4070954.65,25599.46
1995,11,1716.91,4249664.17,26245.18
1995,12,1711.82,4365285.60,26724.77
1996,1,1784.86,4478949.18,26809.28
1996,2,1772.24,4520473.80,25902.05
1996,3,1756.09,4622220.87,25637.00
1996,4,1727.09,4631277.21,25178.30
1996,5,1728.86,4750715.85,24971.49
1996,6,1687.92,4806924.20,25333.46
1996,7,1706.51,4558148.38,25346.53
1996,8,1714.25,4673802.62,25196.70
1996,9,1679.06,4916267.44,25787.20
1996,10,1679.06,5051860.93,26601.06
1996,11,1646.30,5430515.34,27356.63
1996,12,1635.90,5326050.27,26759.82
1997,1,1527.22,5658794.09,26707.77
1997,2,1596.28,5703146.08,26794.50
1997,3,1547.14,5468911.80,26246.34
1997,4,1507.08,5795295.40,26782.99
1997,5,1530.54,6134290.05,27030.95
1997,6,1478.75,6423578.76,27499.50
1997,7,1443.12,6934687.57,28658.41
1997,8,1440.46,6750908.46,28134.31
1997,9,1455.29,6904707.59,28742.42
1997,10,1374.06,6674110.07,29490.40
1997,11,1314.30,7124859.70,29590.24
1997,12,1280.21,7102995.43,29977.17
1998,1,1335.99,7335386.72,30615.47
1998,2,1312.75,7687665.10,30552.04
1998,3,1327.58,8093811.18,30581.71
1998,4,1375.39,8175241.65,30703.49
1998,5,1294.38,8036180.94,31124.23
1998,6,1309.21,8361087.96,31548.20
1998,7,1281.10,8272055.86,31550.31
1998,8,1210.27,7076105.33,32775.92
1998,9,1301.90,7529403.43,34459.55
1998,10,1297.48,8237706.31,34068.67
1998,11,1309.21,8635321.06,33943.82
1998,12,1272.47,9132932.86,34309.63
1999,1,1264.50,9465463.39,34416.63
1999,2,1269.59,9203228.85,32957.25
1999,3,1238.60,9587970.03,33201.37
1999,4,1265.38,9959268.91,33074.51
1999,5,1199.87,9667765.33,32538.88
1999,6,1156.26,10263755.42,32283.53
1999,7,1136.56,9938290.58,32177.77
1999,8,1127.05,9894080.78,32193.98
1999,9,1344.62,9622844.59,32545.58
1999,10,1322.93,10165743.54,32417.96
1999,11,1292.61,10439779.76,32200.08
1999,12,1287.52,11054642.69,31733.08
2000,1,1252.99,10499231.11,31373.91
2000,2,1301.46,10300483.90,32151.55
2000,3,1221.34,11308116.21,33260.35
2000,4,1221.12,11087422.69,32940.46
2000,5,1205.18,10742920.95,32966.35
2000,6,1279.99,11007769.58,33777.15
2000,7,1227.98,10835671.84,33921.94
2000,8,1217.13,11508722.82,34880.69
2000,9,1213.37,10899016.98,34866.48
2000,10,1167.77,10855053.27,35112.71
2000,11,1181.94,9999245.85,36047.50
2000,12,1206.95,9766515.50,37196.41
2001,1,1178.40,10404686.46,37160.32
2001,2,1173.09,9455969.55,38105.53
2001,3,1146.75,8746556.50,38232.23
2001,4,1166.22,9545204.00,37168.66
2001,5,1177.95,9609156.18,37106.24
2001,6,1194.78,9469400.93,37302.70
2001,7,1175.52,9282991.33,38492.07
2001,8,1218.90,8701859.98,39316.54
2001,9,1287.52,7980803.85,40247.42
2001,10,1243.69,8151698.45,41356.03
2001,11,1216.02,8776984.92,39984.68
2001,12,1223.99,8853876.28,39255.06
2002,1,1246.13,8724670.35,39420.91
2002,2,1312.75,8556411.71,40172.01
2002,3,1341.30,8871633.48,38694.24
2002,4,1369.41,8339945.57,39805.19
2002,5,1448.65,8278503.58,40067.14
2002,6,1412.35,7524383.07,40925.56
2002,7,1352.37,7089449.21,42221.47
2002,8,1382.91,6839710.88,43620.75
2002,9,1427.18,6360457.85,45560.10
2002,10,1400.40,6920282.74,44631.99
2002,11,1408.81,7313675.58,43772.85
2002,12,1517.26,6897122.37,45289.97
2003,1,1639.44,6716444.07,44832.21
2003,2,1538.96,6615670.45,46052.13
2003,3,1484.51,6679901.53,45746.55
2003,4,1487.38,7230128.68,45669.81
2003,5,1619.30,7638270.88,47798.14
2003,6,1527.89,7708156.70,47272.20
2003,7,1574.81,7844061.91,43904.01
2003,8,1642.32,8108095.69,44210.16
2003,9,1702.08,7912115.69,46163.47
2003,10,1702.52,8359704.35,44952.45
2003,11,1762.28,8528608.32,45078.34
2003,12,1847.06,8875532.74,45497.22
2004,1,1776.45,9071583.83,46066.06
2004,2,1736.39,9252661.35,46865.39
2004,3,1872.51,9025820.90,47519.07
2004,4,1714.48,8884129.69,45163.06
2004,5,1743.47,9010256.68,44863.33
2004,6,1743.03,9181167.70,45182.17
2004,7,1724.66,8916778.44,45795.00
2004,8,1806.55,8913207.32,47357.26
2004,9,1825.37,9009742.62,47481.88
2004,10,1886.68,9149880.68,47993.49
2004,11,2000.89,9517504.52,46966.01
2004,12,1938.91,9841372.46,47594.56
2005,1,1876.05,9601488.91,48149.72
2005,2,1932.49,9803544.76,47466.40
2005,3,1892.43,9629943.09,47105.60
2005,4,1917.66,9490712.85,48399.00
2005,5,1845.51,9747905.16,49399.94
2005,6,1933.60,9761741.23,49805.97
2005,7,1890.88,10134390.90,48615.52
2005,8,1916.78,10032386.79,49824.01
2005,9,2095.62,10113642.26,48716.34
2005,10,2092.30,9945039.08,47996.98
2005,11,2185.92,10321183.31,48490.21
2005,12,2270.92,10494358.41,49064.52
2006,1,2522.36,10598156.28,48693.03
2006,2,2463.48,10626922.18,48798.44
2006,3,2585.21,10759212.51,47782.54
2006,4,2825.37,10858580.65,47179.22
2006,5,2895.09,10589843.70,47190.37
2006,6,2657.81,10604171.96,47278.76
2006,7,2819.83,10669578.84,48090.46
2006,8,2752.32,10923495.34,49264.46
2006,9,2663.79,11167239.86,49856.77
2006,10,2660.03,11570071.85,50170.06
2006,11,2826.03,11790136.46,50972.93
2006,12,2814.08,11943426.99,50146.56
2007,1,2858.57,12136311.65,49862.44
2007,2,2996.90,11898910.94,51157.43
2007,3,2937.14,12063357.83,50982.53
2007,4,3001.33,12564956.38,51262.20
2007,5,2906.60,13003444.96,50360.38
2007,6,2870.74,12924311.39,50044.45
2007,7,2951.53,12390939.09,51267.22
2007,8,2957.06,12576659.62,52470.84
2007,9,3265.83,13220501.73,52458.46
2007,10,3466.14,13254572.37,53126.19
2007,11,3518.15,12700418.62,55563.71
2007,12,3702.97,12612316.21,55432.65
2008,1,4089.20,11855816.77,57313.56
2008,2,4289.51,11470703.71,58147.79
2008,3,4148.96,11421156.36,58700.50
2008,4,3841.30,11977388.25,57355.73
2008,5,3893.32,12005497.90,56199.68
2008,6,4129.04,11109708.06,56710.05
2008,7,4037.18,11016300.91,56898.61
2008,8,3702.97,11130325.44,57832.80
2008,9,3970.78,10179847.58,57923.33
2008,10,3224.88,8470135.88,57360.83
2008,11,3601.15,7160795.21,62852.10
2008,12,3829.13,7946060.55,66646.03
2009,1,4065.96,7272468.15,63435.95
2009,2,4177.73,6198504.73,62808.57
2009,3,4065.96,7071052.16,64593.41
2009,4,3935.37,7747816.46,62388.35
2009,5,4302.79,8392697.64,60987.37
2009,6,4165.56,8197406.70,60865.27
2009,7,4145.64,8817404.84,61094.08
2009,8,4208.72,9135743.82,61876.04
2009,9,4432.27,9476668.97,62509.30
2009,10,4623.73,9360675.67,62171.73
2009,11,5188.14,9858500.75,63376.22
2009,12,4887.12,10048869.77,60316.54
2010,1,4793.05,9825633.25,61601.24
2010,2,4924.75,10089229.53,61888.23
2010,3,4911.47,10590226.52,60925.07
2010,4,5202.52,10757407.81,61869.12
2010,5,5374.06,9728944.82,64012.06
2010,6,5491.37,9380253.98,66002.39
2010,7,5170.43,10258653.03,66329.06
2010,8,5460.38,9584349.69,69119.47
2010,9,5803.45,10439670.39,68918.87
2010,10,5917.44,10847205.54,68495.93
2010,11,6086.76,10838291.40,67634.75
2010,12,6242.81,11562634.28,64697.06
2011,1,5903.05,11836675.42,64351.96
2011,2,6240.59,12242187.67,64866.69
2011,3,6334.66,12247054.35,64831.98
2011,4,6777.34,12587651.91,65793.43
2011,5,6803.90,12467009.59,68022.06
2011,6,6675.52,12259195.09,66700.88
2011,7,7143.65,11960270.90,69192.60
2011,8,8083.22,11357499.50,73447.74
2011,9,7211.16,10559109.03,75050.21
2011,10,7605.14,11713136.27,74589.83
2011,11,7543.16,11687268.83,74074.75
2011,12,6969.90,11989801.89,75623.90
2012,1,7693.67,12335922.39,76135.97
2012,2,7915.01,12869349.93,75235.40
2012,3,7351.70,13393535.19,73695.84
2012,4,7359.45,13209454.20,75499.58
2012,5,6938.91,12415545.97,78313.42
2012,6,6947.76,12959691.81,77856.21
2012,7,7183.49,13106637.98,79092.64
2012,8,7338.42,13401836.83,78766.42
2012,9,7884.02,13785271.52,78305.17
2012,10,7605.14,13494312.64,77922.08
2012,11,7650.51,13572583.23,78736.90
2012,12,7366.09,13696287.54,77720.01
2013,1,7412.57,14405700.59,76181.41
2013,2,7042.94,14601264.97,77202.08
2013,3,7093.85,15082027.39,77462.21
2013,4,6519.48,15440726.14,78773.71
2013,5,6242.81,15801885.85,75704.86
2013,6,5326.47,15675829.96,73447.74
2013,7,5894.20,16383000.80,73080.58
2013,8,6165.34,15908527.50,72078.34
2013,9,5913.01,16407391.66,73519.91
2013,10,5904.16,17161594.20,74203.64
2013,11,5512.39,17684575.77,73661.95
2013,12,5318.73,18132306.63,72232.91
2014,1,5517.93,17505363.12,74551.59
2014,2,5877.60,18306159.86,74931.80
2014,3,5728.20,18459997.27,74624.58
2014,4,5719.34,18596443.89,75303.67
2014,5,5551.13,19033018.39,76787.15
2014,6,5812.31,19426170.59,76733.40
2014,7,5732.63,19158253.96,76679.68
2014,8,5691.68,19924706.62,78236.28
2014,9,5356.35,19645305.51,77532.15
2014,10,5193.67,20125138.23,78834.69
2014,11,5243.47,20666385.61,79969.91
2014,12,5308.76,20614322.61,80193.83
2015,1,5593.18,19995472.93,83762.46
2015,2,5334.22,21144687.07,81819.17
2015,3,5220.23,20810269.80,82645.54
2015,4,5331.12,21009935.77,82248.84
2015,5,5269.59,21280094.61,82026.77
2015,6,5201.42,20868129.73,80812.77
2015,7,4781.10,21305360.48,82162.35
2015,8,4982.29,20019918.47,82351.32
2015,9,4969.01,19524554.35,83776.00
2015,10,5080.79,21171538.89,83365.50
2015,11,4673.09,21234484.80,83132.07
2015,12,4702.30,20899575.34,82882.68
2016,1,4926.52,19862471.65,85766.99
2016,2,5463.26,19835674.52,87173.57
2016,3,5460.82,21181273.35,87252.03
2016,4,5641.88,21263414.77,87243.30
2016,5,5358.57,21645246.55,87286.92
2016,6,5830.01,21701356.47,90115.02
2016,7,5898.63,22501442.26,90475.48
2016,8,5818.73,22533051.94,89697.39
2016,9,5878.26,22537262.92,90047.21
2016,10,5640.55,22126173.04,88840.58
2016,11,5256.31,22945618.39,85215.88
2016,12,5131.03,23399146.18,85241.45
2017,1,5306.77,23842939.49,85556.84
2017,2,5541.83,24789698.57,86301.19
2017,3,5496.68,24818573.85,86499.68
2017,4,5602.26,25073474.73,87589.57
2017,5,5594.51,25426321.86,88447.95
2017,6,5503.54,25585026.51,88129.54
2017,7,5605.80,26111125.30,88596.63
2017,8,5780.43,26191079.19,90023.03
2017,9,5696.99,26731342.18,88861.73
2017,10,5641.43,27355113.79,88826.19
2017,11,5675.74,28194082.77,88710.72
2017,12,5739.27,28507554.52,89003.46
2018,1,5946.66,30139718.61,87223.39
2018,2,5844.62,29028895.46,86543.05
2018,3,5860.56,28291154.01,87676.76
2018,4,5826.69,28399709.74,86686.02
2018,5,5770.25,29083638.17,87674.24
2018,6,5535.86,29262632.07,87981.10
2018,7,5397.08,30351634.70,87646.77
2018,8,5342.41,31340612.93,88663.47
2018,9,5239.04,31519005.26,87732.50
2018,10,5390.44,29364679.93,87600.91
2018,11,5402.61,29963076.29,88897.40
2018,12,5673.53,27257714.42,91519.87
2019,1,5854.36,29442008.79,92252.03
2019,2,5867.42,30387345.98,91910.70
2019,3,5715.58,30977812.58,94493.39
2019,4,5689.02,32232082.41,94143.76
2019,5,5737.05,30183797.15,97156.36
2019,6,6255.87,32311051.92,98487.41
2019,7,6332.67,32775462.62,98674.53
2019,8,6757.64,32256254.52,102720.19
2019,9,6585.21,32859791.55,101651.90
2019,10,6668.44,33571500.93,101688.50
2019,11,6446.88,34790114.15,100838.47
2019,12,6741.92,35840178.88,99618.32
2020,1,6998.01,35826124.68,102935.61
2020,2,7199.42,32876963.59,105900.15
2020,3,7421.87,28816213.73,110316.19
2020,4,7544.70,32510280.39,111507.60
2020,5,7669.56,34058662.42,111942.48
2020,6,7796.48,34736028.29,111371.58
2020,7,7925.51,36694625.19,111672.28
2020,8,8056.67,39332228.60,110187.04
2020,9,8190.01,37837714.27,110341.30
2020,10,8325.55,37046906.04,108873.76
2020,11,8463.33,40988696.84,108405.61
2020,12,8603.39,42038007.48,108654.94
